review,sentiment
think robert ryans best film portrayed someone like father schizophrenic real lifemy father although never murdered anyone affected second world war made worse,1
juano hernandez exceptional actor played supporting role many film era proud black man accused murdering white man south,1
shocked sign indicate cash,0
sat another ten minute finally gave left,0
igo charger tip really great,1
small sleek impressive looking practical setup ample storage place,1
wind lion see wonderful rendering america imperial age,1
terrible,0
cute quaint simple honest,1
volume ringer real good choice loud,1
small worth price,0
worked well paired treo w skype headset pc using usb bluetooth transceiver,1
stopped late may bank holiday rick steve recommendation loved,1
overall disappointed quality food bouchon,0
really awful,0
chip salsa really good salsa fresh,1
bother contacting company dollar product learned lesson bought form online anyway,0
good servicecheck,1
internet excrutiatingly slow,0
great would really recommend,1
success film depends casting sydney greenstreet alexander yardley character,1
movie edge seat made somewhat afraid go car end night,1
clear quality sound dont mess sound ipod since sound button headset,1
checked place couple year ago impressed,0
awful,0
refried bean came meal dried crusty food bland,0
could recommend,0
dont make mistake please dont buy phone,0
one want surf small wave space movie deep impact armageddon one fails everywhere,0
doesnt job,0
great reception time,1
feelgood film thats felt came cinema,1
beautiful phone,1
love pho spring roll oh yummy try,1
server great job handling large rowdy table,1
doesnt make look cool,0
cinematography noteworthy including fine view barcelona famed gaudi tower,1
charging overnight battery work great,1
wont disappointed,1
work great,1
back,0
selection menu great price,1
great tool entertainment communication data managementoh sure use activesync optimal data synchronization result,1
clipping belt deffinitely make feel like cent upandcoming,1
nano stated itmy son dissapointed,0
also difficult put onid recommend avoiding product,0
stupid,0
thing really worth watching scenery house beautiful,1
look nice,1
day week different deal delicious,1
headset fulfills requirement happy purchase,1
would recommend item anyone,0
excellent product price,1
great new packaged nice work good problem came le time expected,1
soyo technology suck,0
owner really really need quit soooooo cheap let wrap freaking sandwich two paper one,0
much better ayce sushi place went vega,1
recently problem could stay connected minute disconnected,0
doesnt hold charge,0
worked perfectly,1
echo problemvery unsatisfactory,0
looking movie terrific cast good musicincluding shirley jones rendition way look tonight uplifting ending give one try,1
food excellent service good,1
service quick even go order like like,1
good quality,1
bipolarity ruthless thug one minute ruthless killer next minute luvs diaper commercial completely unconvincing,0
reading please dont go,0
also area unit broke im fond magnetic strap,0
special mention made superb music score sound effect integral element helping make memorable enjoyable cartoon,1
come hungry leave happy stuffed,1
possesed get junk idea,0
item match picture,0
fit like glove strong secure durable,1
learn lot real inside emotion people movie lot movie business,1
say dessert yummy,1
seems completely secure holding belt keeping iphone inside,1
sanyo survived dozen drop blacktop without ill effect,1
phone hold charge like new,1
like reviewer said couldnt pay eat place,0
happy,1
fit ear well comfortable,1
great touch,1
burger absolutely flavor meat totally bland burger overcooked charcoal flavor,0
film nothing pretext show ridiculous action scene,0
low quality,0
looking good quality motorola headset keep looking isnt,0
dont know exactly movie latched endearing movie become special part family memory,1
piece junk lose call phone,0
sprint terrible customer service,0
awesome selection beer,1
satisfied cell phone day one,1
lead man charismafree,0
blew,0
wear everyday hold well,1
look good picture case huge disappointment,0
pale color instead nice char flavor,0
serious spoiler movie huge disappointment,0
trying many many handsfree gadget one finally work well,1
one best italian thriller early,1
bought nokia cell phone week ago nightmare,0
unfortunately cover girl example hollywood used exploit woman financial gain,0
one best movie show strong sibling bond,1
best ive found far ive tried bluetooths one best quality listener well ease using,1
still like movie empowerment woman there enough movie like one,1
great jawbone,1
food terrible,0
thats rightthe red velvet cakeohhh stuff good,1
food amazing,1
battery life still long enough motorola razor vi,0
certainly mean distinction good way,0
spaghetti nothing special whatsoever,0
really created unique feeling though,1
food good,1
really fantastic thai restaurant definitely worth visit,1
poor batter meat ratio made chicken tender unsatisfying,0
one watched recently fox movie channel disappointed,0
well im satisfied,1
poor service waiter made feel like stupid every time came table,0
wont go back,0
crisp clear,1
back,0
awsome device work great,1
definitely worth checking,1
hackneyed writing certainly made even worse bad directing,0
course footage grainy enhanced film,1
exactly wanted,1
movie almost action scene little comedy,0
waiter attentive friendly informative,1
atmosphere modern hip maintaining touch coziness,1
ordered voodoo pasta first time id really excellent pasta since going gluten free several year ago,1
also ordered spinach avocado salad ingredient sad dressing literally zero taste,0
seated immediately,1
instruction manual lacking,0
problem others mentioned,0
food good enjoyed every mouthful enjoyable relaxed venue couple small family group etc,1
director paul matthew also wrotedirected weak monster movie grim clearly doesnt know pace film,0
acting whole cast could put scale balanced perfectly overacting underacting,0
telephone repair man really funny reaction nut bitchy bos truly genuine,1
good item low price,1
waitress friendly happy accomodate veganveggie option,1
food tasty say real traditional hunan style,0
waitress good though,1
seriously good pizza im expertconnisseur topic,1
great headset impressed h,1
long time didnt see charismatic actor screen,1
microphone also work well according people called applifies everything,1
waited hour never got either pizza many around u came later,0
excellent restaurant highlighted great service unique menu beautiful setting,1
know jim oconnor energetic nobody could much george well dull,0
today first taste buldogis gourmet hot dog tell ever thought possible,1
drink never empty made really great menu suggestion,1
dont waste time,0
muddy low quality sound casing around wire insert poorly super glued slid,0
sound good reasonably priced effective simple,1
art style appearance crayonpencil drawing wonderfully colorful fanciful,1
disappointment,0
exquisite visual composition moment inventive elegant use closeup camera angle lighting including pointillistic faux home movie footage wonder joy behold,1
sending back,0
button bad,0
product cover important light sensor ear outlet,0
fact liked better interview vampire liked lestat stuart townsend better cruise attempt,1
thought errol flynn brilliant custer since become favourite actor,1
case would order another,1
ill looking new earpiece,0
want sandwich go firehouse,1
shameful,0
wasnt busy either also building freezing cold,0
folk otto always make u feel welcome special,1
nothing recommend,0
also fry without doubt worst fry ive ever,0
impressed,0
real sushi lover let honest yama good,0
rate movie,1
true classic,1
eaten multiple time time food delicious,1
brilliant twist ending,1
call steakhouse cant properly cook steak dont understand,0
really didnt seem want hosting voiceovers monotonous didnt get involved guest,0
premise film ridiculous president u,0
generally lacked imagination,0
far best cheesecurds ever,1
macbeth jason connery moved tear final monolog brief candle outhe gave sphere moral decay dark force human face make interesting,1
virgin wireless rock cheap little phone,1
really like product motorola allot clearer ear piece mic,1
bad character bad story bad acting,0
stupid keep buying new charger car charger cradle headphone car kit every time new phone come,0
im trying return refund,0
practically useless add kind boost reception bought,0
instruction didnt explain microphone jack could used,0
hot sour egg flower soup absolutely star,1
wanted,1
okay like consider fair critic ill give credit credit duethe creature effect actually pretty cool,1
food average,0
personally love hummus pita baklava falafel baba ganoush amazing eggplant,1
handle tough issue dignity grace course shocking spoiler,1
hear garbage audio,0
however seeing short year amazed timeless film actually,1
logitech bluetooth headset,1
feature outlandish array memorable psychotic lovable nut,1
frozen margarita way sugary taste,0
staff friendly joint always clean,1
back many time soon,1
im happy,1
buffet small food offered bland,0
bad pay month service,0
working great,1
julian fellowes triumphed,1
go see,1
linksys way exchange bad phone refurb unit something,0
owner used work nobu place really similar half price,1
food really boring,0
got sitting fairly fast ended waiting minute place order another minute food arrived,0
screen size big key pad lit well enough camera quality excellent camera phone,1
perabo nice energy level obviously comfortable front camera,1
open battery connection broken device turned,0
know make,1
good service clean inexpensive boot,1
interesting part town place amazing,1
watching washing machine twirling around wouldnt hurt eye much show,0
ill give film,1
great product price,1
brilliant,1
great bluetooth,1
seafood limited boiled shrimp crab leg crab leg definitely taste fresh,0
service slow attentive,0
please stay away shrimp stir fried noodle,0
really loved story line poler bear kinda cutebut anyone question fort steele ask away,1
phone also take great picture even video clip,1
use smallest earpiece provided stay pretty well,1
guess maybe went night disgraceful,0
based subpar service received effort show gratitude business wont going back,0
perfect someone like beer ice cold case even colder,1
best taco town far,1
definitely good,1
cant believe there even sequel,0
never walked movie faster,0
hate writing bad review film especially really like star film bad dont believe one second anyone could proud,0
guess supposed clever twist shed light situation stupid,0
boyfriend tried mediterranean chicken salad fell love,1
popular cinema good house good reaction plenty laugh,1
disappointed,0
probably dirt,0
battery life highly unacceptable,0
either cold enough flavor bad,0
new battery work great phone,1
mediocre food,0
good hoped,0
film lack real scare tension medical terminology used throughout bit iffy say least say insulin dependant diabetic,0
work fine motorola cellphone lot better wornout battery,1
one work priced right,1
wife lobster bisque soup lukewarm,0
liked movie way much,1
script look rough draft written shooting began finished script completed,0
found six inch long piece wire salsa,0
love look feel samsung flipphones,1
warning buy,0
food barely lukewarm must sitting waiting server bring u,0
every element story top excessively phony contrived painful sit,0
click place way make wonder long mechanism would last,0
movie cutting edge,1
best headset used,1
chef generous time even came around twice take picture,1
fit securely ear hook even need used sound better directed ear canal,1
hard judge whether side good grossed melted styrofoam didnt want eat fear getting sick,0
phone working fine,1
case best part download picture laptop using ir even send picture laptop phone,1
could take video time quality poor,0
tied charger conversation lasting minutesmajor problem,0
kathy bates wonderful character subtle desperation escapism variation character play field lord,1
film offer many delight surprise,1
dont waste one,0
better youd expect,1
impressed price case,1
fantastic service pleased atmosphere,1
atmosphere fun,1
worst salmon sashimi,0
vegetable fresh sauce feel like authentic thai,1
movie kind long length enjoyed every minute,1
problem script,0
dont buy product,0
great food,1
tragedy struck,0
wow spicy delicious,1
everything menu terrific also thrilled made amazing accommodation vegetarian daughter,1
thoroughly disappointed,0
excellent product satisfied purchase,1
half way film started dislike,0
food quality horrible,0
product useless since enough charging current charge cellphone planning use,0
put latest o vg like slow crawl lock every,0
dont think well going back anytime soon,0
one worst show time,0
foreigner worth one second time,0
dont yet hear mickey speak ton sound effect music throughout filmsomething take granted huge crowd pleaser,1
owner super friendly staff courteous,1
awful service,0
one worst sandra bullock movie since speed quite bad,0
absolute must visit,1
good value great food great service,1
waste money,0
movie possibly one creative work horror ever,1
great using home stereo,1
great camera thats mp pic nice clear great picture quality,1
crpe delicate thin moist,1
wonderful lil tapa ambience made feel warm fuzzy inside,1
like final blow,0
good beer drink selection good food selection,1
knew saw film great thing come gifted actor,1
winner u,1
poor construction,0
mortified,0
onscreen chemistry critical entire film genuine,1
verizon lg phone work well together good reception range exceeds foot line sight,1
think wonderful part literally full wonder excerpt work,1
found product waaay big,0
never got,0
love phone,1
waiter jerk,0
speaking music unbearably predictably kitchy,0
keep good work amazon,1
light plenty battery capacity confortable wear somewhat extended period time,1
barely ever hear constantly saying,0
also decided send back waitress looked like verge heart attack,0
setting,0
however girl complain time phone doesnt wake like normal phone,0
soggy good,0
best headset ever,1
great phone,1
display excellent camera good year,1
father v battery dying,0
service bit lacking,0
potato chip order sad could probably count many chip box probably around,0
refuse refund replace,0
made drive way north scottsdale one bit disappointed,1
would recommend saving room,1
design might ergonomic theory could stand ear,0
usable keyboard actually turn pda realworld useful machine instead neat gadget,1
excellent service,1
main also uninspired,0
really like crepe station,1
disbelief dish qualified worst version food ever tasted,0
movie showed lot florida best made look appealing,1
network coverage los angeles horrible,0
technically film well made impressive camerawork solid acting effective music riz ortolani particularly good recurring unaccompanied female vocal sound like coming distant hill,1
pleather case doesnt fit,0
perfect sitdown family meal get together friend,1
would recommend item,1
ear loop needed tiny sound great,1
rest cast also play well,1
lifetime air enough anyone know store sell let know musthave,1
bacon hella salty,1
favorite place town shawarrrrrrma,1
yes simplifying thing sake brevity really core problem film much going without real fulfilling explanation,0
bean rice mediocre best,0
acting bad dialog extremely shallow insincere,0
said abovepretty useless,0
awesome new look fall,1
scene strong unpleasant,0
paolo sorrentino written wonderful story loneliness tony built one unforgettable character seen movie recent year,1
usually dont like headband one lightweight doesnt mess hair,1
horrible dont waste time money,0
great price,1
precisely giving bad review,0
asked multiple time wine list time ignored went hostess got one,0
guess liked detail dysfunctionhe believable,1
first reception suck never bar ever,0
waste time,0
im surprised good quality car charger there much review,1
italian reviewer called small great film thats right,1
place,1
using earpiece left right thing stay ear,0
movie interesting beginning end,1
work,1
getting angry want damn pho,0
wait minute get drink longer get arepas,0
look great strong,1
pleasant voyage selfdiscovery,0
would highly recommend product,1
wont regret,1
acting youd expect cast top notch,1
watched two sunday ago march th began really enjoy time taped entire thing,1
love phone handy lot feature,1
would advise purchase item never worked well,0
people like european film art movie like movie,1
really recommend faceplate since look nice elegant cool,1
otherwise dont even waste time,0
item great installed let charged overnite working good every since problem,1
impressed job motorola sturdiness phone,1
extremely crumby pretty tasteless,0
nothing believable,0
easy use,1
really hope team behind movie make movie continue kinda weird style,1
liked movie like matrix better yet sequel think youll appreciate thought provoking mindblowing experience film give,1
useless phone simply deaf,0
commercial misleading,0
pleased see could replace well travled swivel holster blackberry flip,1
wont back,0
bathroom clean place well decorated,1
love headset,1
well made fit surefire gx perfectly,1
got food apparently never heard salt batter fish chewy,0
frankly cotton club unfaithful kind embarrassing watch lane gere film bad,0
service exceptional food good review,1
awesome service food,1
reflected cast also belowpar script borrowed much earlier classic,0
even allowing poor production value time format kind miniseries baaaaaad,0
amazon suck,0
many continuity error one user commented different car garage joes glassesthe one got fact joes facial hair configuration seemed change scene scene,0
couldnt ask satisfying meal,1
user friendly,0
know emilio estevezs directorial debut pacing interplay development character well clever camera work surrounding character estevez play suggest natural eye,1
favor stay away dish,0
worked well,1
kris kristoffersen good movie really make difference,1
light weight hardly notice,1
worst customer service,0
left frustrated,0
bad experience,0
plantronics bluetooth excelent buy,1
service good company better,1
get better reception clarity phone ive,1
food good typical bar food,1
worst thai ever,0
loos connection phone even within couple foot two,0
server nice attentive serving staff,1
place overpriced consistent boba really overpriced,0
definitely bargain,1
service poor thats nice,0
sound quality great,1
first time might last,0
ordered lemon raspberry ice cocktail also incredible,1
disappointed accessoryone,0
sweet potato fry good seasoned well,1
plug work well,0
waste,0
brain attempt shutdown part primal impulse selfpreservation,0
music film really nice,1
two year left contract hate phone,0
year however reminded u huston still top game evinced faithful adaptation james joyce acclaimed novella dead,1
disappointing dinner went elsewhere dessert,0
dont understand garbage got shelf movie store even real movie,0
three broke within two month use,0
wasnt watched film realised great actually,1
give try happy,1
place first pho amazing,1
lucy bell much higher crap sink low quite depressing,0
buyer beware could flush money right toilet,0
chinese forgery abound,0
expect good,1
result well shame,0
transfer good,1
funny,1
customer service terrible,0
shipping time also quick,1
always known errol flynn brilliant actor dad favourite actor grew watching film child,1
id say would hardest decision honestly m dish taste supposed taste amazing,1
ill definitely soon,1
tried go lunch madhouse,0
excellent sound battery life inconspicuous boot,1
courtroom drama compelling indictment american justice system frightening,1
movie seemed little slow first,0
drain,0
got food poisoning buffet,0
im side town definitely spot ill hit,1
great film great director,1
despite flaw case exceptional quality well worth additional cost owning official oem product,1
small dont even realize getting used,1
replacement died week,0
one simply disappointment,0
going since every meal awesome,1
really nice atmosphere,1
good case,1
food average best,0
also didnt like button felt like would crack use,0
havent gone go,1
quite comfortable ear,1
however much garlic fondue barely edible,0
buy different phone,0
disappointing,0
bartender also nice,1
greatno problem,1
good battery got really fast,1
shower area outside rinse take full shower unless dont mind nude everyone see,0
great product,1
last time lunch bad,0
came running u realized husband left sunglass table,1
sure lost flat character audience nearly half walked,0
know made wise decision,1
mother brother thiswhen saw robert ryan portraying type man good imitation type individual impressed,1
food isnt bad enough enjoy dealing world worstannoying drunk people,0
cheap hey work pleasantly suprised given low cost item,1
editing editing film phenomenal opinion,1
little geeky think thats sex toast rock ooze sex right battery embedded sleek stylish leather case,1
awesome movie bought ebay,1
truly awful,0
dropped ball,0
hayao miyazakis latest eighth film studio ghibili gake ue ponyo ponyo cliff sea wonderfully fun imaginative look childhood,1
piece crap,0
chemistry ben affleck sandra bullock film couldnt understand would consider even leaving wifetobe chick supposedly knocked,0
definitely one better documentary seen looking family relationship marriage,1
menu diverse reasonably priced,1
plastic break really easy clip,0
food rich order accordingly,1
food great serivce,1
worth checking,1
needle say wasted money,0
fit,0
burger amazing,1
order correct,0
purcashed car charger work,0
assure wont disappointed,1
total waste time,0
today second time ive lunch buffet pretty good,1
looked like wonderful story,1
visual effect awful,0
stopped place madison ironman friendly kind staff,1
server super nice checked u many time,1
packed,0
play louder speaker size price low would think quality lacking however,1
take little bad service food suck,0
could serve vinaigrette may make better overall dish still good,1
last forever overly expensive replaceeasy operate sound much better others tried,1
killer dont expect anything original even remotely frightening,0
definitely worth paid,0
sometimes embarrassing look away,0
ive never treated bad,0
excellently produced one scifis best producer scot vandiver,1
believe pitch black done well,1
highly recommend movie anyone interested art poetry theater politics japanese history,1
chicken pho tasted bland,0
movie littered overt racial slur towards black cast member return white depicted moron boob,0
kept getting worse worse im officially done,0
simply best bluetooth headset sound quality,1
ten minute film started second thought,0
thus far visited twice food absolutely delicious time,1
cool,1
also great directing photography,1
definitely would eat,0
color even prettier thought would graphic incredibly sharp,1
script bad bad contains cheesiness unethical joke normally see rated r nc movie,0
steak amazingrge fillet relleno best seafood plate ever,1
hold phone particular angle party hear clearly,0
adorable seeing mickey playing turkey straw highly imaginative occasionally cruel way,1
movie good humorous comment life,1
thought acting skilled,1
last minute movie also bad well,1
steamboat willie amazingly important film cinema history,1
actor truly understand become particular character delivering convincing sincere performance,1
problem wit hit dropping signal,0
veggitarian platter world,1
disappointing,0
sister one also love,1
good year ago,1
highly recommended,1
thats huge design flaw unless im using correctly dont think case,0
husband said rude even apologize bad food anything,0
proven dead wrong sushi bar quality great service fast food impeccable,1
way expensive,0
love margarita,1
ear occupied background distracting,1
work great cat attacked phone scratched protective strip instead destroying screen,1
get inside youll impressed place,1
went motorolas website followed direction could get pair,0
brother law work mall ate day guess sick night,0
ive owned phone month say best mobile phone ive,1
loudspeaker option great bumper light appealing,0
several time past experience always great,1
everything acting cinematography solid,1
absolutel junk,0
mostly routine factbased tv drama get boost fine performance cole,1
fan genre heaven,1
would come back sushi craving vega,1
im big fan rpg game movie disgrace selfrespecting rpger,0
well made easy access phone handy detachable belt clip,1
dont bother go store,0
heart place,1
im using iriver spinn case fit fine,1
first enough racial stereotype racial joke offend everyone,0
sauce tasteless,0
ring toneoverall good phone buy,1
definately enjoyed,1
thing disappoint infra red port irda,0
well wouldve given godfather zero star possible,0
fact hard remember part ray charles acted played man ray charles legendary ray charles life provided excellent biographical material film go well beyond another movie musician hitchcock great director ironically mostly find film total waste time watch secondly hitchcock pretty much perfected thriller chase movie pandering audience sabotage film hence whole story lack certain energy plot simply rumble like machine desperately depending addition new scene usual hitchcock logic flaw mishima extremely uninteresting chilly unremarkable movie author livingworking chilly abstruse culture flat reenactment dont hold attention emotionally adrift stagy rest sits awful soldier singing song masculinity pledge hairsplitting purity admiration sword etc bore piece kill momentum movie quicker anyone else schrader made resume full lousy amateurish film first watched movie loved totally fascinated music dancing everything however recently watched whole thing dvd completely struck extremely stupid storyline contained hole inconsistency frankly whole lot crap horrid dancing mean realistic world would never gotten ballet repertory whole thing quite pathetic character development also lacked depth woa talk awful waste time horrible worst sappiest dialogue could go really made unwatchable direction poor actor cant even tell talent pathetic line speak director gave action check director filmography site see film didnt chance would even good made tv flick good intention made film great film might one greatest film ever made film great actor master director significant themeat least wouldbe significant theme undertone fifty existential worldweariness aerial scene ought thrilled sens imagination character one might deeply care regrettably film fails movie lack visual interest drama expression feeling celebration patriotism underline narrative actress worse used june allison movie yet enjoy watching unfortunately bad movie plain bad bad script bad direction horrible acting make one plain bad dialogue sucked cinematographyif called thatsucked soundtrack sucked acting sucked concert sequence sucked nice funny funny overall movie cheap trash movie funny considering ridiculousness came feeling angry spoiler whatever else cant said surface superbly crafted cinematography simply stunning say least fx nothing stateoftheart conceptually show offer little bit everything everybody parent kid fantasy andor fx fan wasnt single sour note struck actingwise either surprisingly solid casting thing considered job well done thanks good movie like done released one best mexican movie ever one le understood even mexican matter identified felt rank highly great noircrimedrama incredible performance belmondo lino ventura attention given every character complex psychological portrayal detailing loyalty treachery love hope tremendous excellent drama excellent thriller excellent film best melville everything film simply incredible truly take journey eye soul child black water thriller manages completely transcend limitation indie flick continually subverting expectation emerge intense experience performance real gripping crocdodile extremely well done indeed black water website believed thats used real crocs swamp location fabulous thoroughly enjoyed christopher eccleston took control tardis continuation series im sure trying film turn good day feeling night disturbing memory guess succeeded lot beautiful place forced like everything movie lame here movie really pied dont even get started jerky camerawork saw theater thought going sick summary witticism werent witty plot well said id let one go acting bad really bad even billy bob couldnt rise script worse camerawork bad rating amazing finale possibly best trilogy time kieslowski never cease amaze one favourite director one talented director history cinema use colour french flag three film nothing short incredible every shot every scene like work art three visually appealing movie ive ever seen subtle connection three film awesome mention huge spoiler loved ending character three film remaining survivor ferry disaster valentine young judge together old man watching tv solidifying happiness suffering dealt many year couldnt think better way end film smile face great way wrap amazing film trilogy recommend everyone love film movie anythinga work art movie trilogy literally vomited watching film think one people found another one roth pearl performance awarded stunning story told eloquently francis ford coppola year earlier really unfolds gradually leaf room character develop wonderful location lie story contrast beautiful directed film nicolas roeg wih sublime cast im translating movie living first movie year working experience found offensive intelligence someone strives greatness poetry delivers muddled often ridiculous story bunch disparate scene pretentious dialogue get worst kind movie reviewer accurately defined pretentious crap,0
everything,1
overall would recommend phone new walkman,1
terrible product waste money,0
anyway f restaurant wonderful breakfastlunch,1
star brick oven bread app,1
isnt enough mess movie picture also marred constant use studio set indoor exterior,0
even good camp value,0
real plot,0
show would begin smart as ed comment would totally wall uncalled,0
dont go looking good food,0
restaurant atmosphere exquisite,1
best example dumb writing established turn zombiestudents back human removing necklace containing piece meteorite,0
management rude,0
research development division obviously know theyre,1
judith light one favorite actress think superb job film,1
enjoy pizza brunch,1
poor service,0
speaker low quality making ring tone sound cheap,0
chow mein good,1
ive lived since first last time ive stepped foot place,0
dont know kind best iced tea,1
table outside also dirty lot time worker always friendly helpful menu,0
cheap cheerless heist movie poor characterisation lot underbite style stoic emoting think chow yun fat better tomorrow cheesy clichs thrown abandoned factory ready poorly executed flying judo roll la john woo,0
great food price high quality house made,1
nothing special,0
yellowtail carpaccio melt mouth fresh,1
love cable allows connect miniusb device pc,1
place awesome want something light healthy summer,1
love headset jabra bluetooth headset great reception good ear piece comfortable fit,1
dish salmon best great,1
restaurant clean family restaurant feel,1
razr owneryou must,1
dont make mistake,0
great sound service,1
enough volume,0
seriously killer hot chai latte,1
angus scrimm also turn good performance somewhat brief memorable role gently menacing violinplaying anatomist doctor quinn,1
total brunch fail,0
description said yum yum sauce another said eel sauce yet another said spicy mayowell none roll sauce,0
first time cant wait next,1
battery run quickly,0
better new,1
whatever producer going missed entirely,0
due happening every call forced stop using headset,0
buy dwrongly advertised,0
eclectic selection,1
would recommend place,0
extremely rude really many restaurant would love dine weekend vega,0
case bad laughable,0
story beyond stupid,0
headphone great find think perhaps best purchase ive made last several year seriously,1
took hour get food table restaurant food luke warm sever running around like totally overwhelmed,0
also best cheese crisp town,1
drive barking mad,0
saw movie today thought good effort good message kid,1
worst foodservice ive,0
ursula burton portrayal nun touching funny time making fun nun church,1
story also funny poignant time,1
none three size sent headset would stay ear,0
aerial scene welldone,1
worthwhile,1
never dining place,0
arguing verizon regarding dropped call returned phone two day,0
see kid chanceit open amazing dialog far race relation come last year,1
good bargain,0
tiny toon kept vibe delivered one popular funny underrated cartoon ever created,1
script big flawed mess,0
tried cape cod ravoli chickenwith cranberrymmmm,1
loved casting jimmy buffet science teacher,1
received pita huge lot meat thumb,1
make easier keep bluetooth im wearing,0
voice recognition tremendous,1
cool,1
much flavor poorly constructed,0
recommended,0
price amazon excellent product would highly recommend,1
grilled chicken tender yellow saffron seasoning,1
last time buying,0
left shattered experience watching film took good two hour fully recover,0
shrimp tender moist,1
kid pizza always hit lot great side dish option kiddos,1
point journey journey touch every member family,1
talk useless customer service,0
promptly greeted seated,1
penne vodka excellent,1
best service food ever maria server good friendly made day,1
happened next prettyoff putting,0
ha long bay bit flop,0
rest movie lack art charm meaning emptiness work guess empty,0
gave star sound quality,1
impressed headset plantronics,1
someone order two taco dont think may part customer service ask combo ala cart,0
another note phone appearance really look rather bland especially black model,0
good product well made,1
role played well,1
cant beat price,1
there also enough hypocrisy film make vomit,0
like really sexy party mouth youre outrageously flirting hottest person party,1
terrible management,0
worst sushi ever eat besides costcos,0
equally awful,0
delicious,1
jiggle plug get line right get decent volume,0
plot storyline,0
authentic leather nice shine comfort recommend case,1
let start problemsthe acting especially lead professor bad,0
better expected,1
bread made inhouse,1
fry great,1
instant classic great soundtrack catchy song ending credit,1
shouldnt take min pancake egg,0
bt battery junk,0
time bad customer service,0
sweetest phone,1
still wild stuff though highly recommended fan giallo cinema,1
different cut piece day still wonderful tender well well flavored,1
indescribably annoying idiotic show ever seen,0
movie excellent job revealing complexity task incredible challenge facing south africa,1
truly art movieit actually lot art,1
great case price,1
charming film wonderful sentiment heart,1
good cinematography also make monica bellucci look beautiful,1
best breakfast buffet,1
nothing short magnificent photographycinematography film,1
could used exemplar set designer,1
dressed treated rudely,0
hawaiian breeze mango magic pineapple delight smoothy ive tried far theyre good,1
verizon year ago really liked service,1
think food flavor texture lacking,0
dont waste money,0
rotating beer tap also highlight place,1
made case small difficult install,0
great music terrific scenery,1
great little item,1
look sharp screen nice clear great graphic,1
feeling thoughtsgabriels discomfort danceall intangible leap life come within viewer grasp huston portrayal,1
overall rate movie scale,1
though wind lion told largely eye son every member family identify one character whether sean connerys noble brigand candace bergen feisty heroine john huston wily john hay steve kanalys spiffy radiant ruthless cando lieutenant roosevelt big stick,1
phone doesnt slide around car grip prevents phone slipping hand,1
shifting bubbling peeling even scratch nothingi couldnt happier new one droid,1
poor quality service,0
bought mainly charger broke soon purchasing,0
best place vega breakfast check sat sun,1
sorry made purchase,0
really good far probably best bt headset ever,1
kept catching cable seat pull phone turn,0
bt headset disapoinment,0
seems like good quick place grab bite familiar pub food favor look elsewhere,0
everything bad,0
poor voice clarity,0
satisifed,1
cheap feel look cheap,0
food arrives meh,0
really find funny,1
felt insulted disrespected could talk judge another human like,0
saw short film hbo day absolutely loved,1
dish quite flavourful,1
fan movie sucked really bad,0
lightweight work well,1
good food great atmosphere,1
horrible phone,0
battery completely useless,0
ambiance isnt much better,0
cumbersome design,0
pulled car waited another minute acknowledged,0
waiter wasnt helpful friendly rarely checked u,0
artless camerawork endlessly present u ugliest setting imaginable ie,0
nobody identifies character theyre cardboard cutout stereotype predictably reversestereotypes,0
item fantastic work perfectly,1
great movie,1
nice relaxing late night viewing,1
could care le interior beautiful,1
way plug u unless go converter,0
story powerful exploration nature man art,1
poor quality,0
worked great,1
youd iq particularly stupid mollusk see one coming,0
service suck,0
instead got bore fest whiny spoiled brat babysitting,0
got aluminum case new palm vx worked really wellit protected handheld perfectly far,1
buy buyit suck,0
bad quality,0
fun chef,1
could understand kind idiot would produce mess first place mention several season,0
lady table next u found live green caterpillar salad,0
need least min get phone book time first turn phonebattery life short,0
place quality sushi quality restaurant,0
thumb,1
reception excellent,1
definitely worth venturing strip pork belly return next time im vega,1
ill put gem movie term screenplay cinematography acting postproduction editing directing aspect filmmaking,1
drink took close minute come one point,0
goldencrispy delicious,1
could get strong enough signal,0
literally sat minute one asking take order,0
easily none cartoon made laugh tender way getting dark sitcom oriented teenager,1
agree jessica movie pretty bad,0
honeslty didnt taste fresh,0
embarassing also ear hurt try push ear plug ear,0
worst phone ive ever month,0
welldesigned sharp blue nice color,1
found move beautiful enjoyable uplifting,1
received supposedly new motorola apparently match phone charger,0
film lack convincing script,0
movie boring sometimes found occupied peaking paper instead watching never happened columbo movie,0
also happy price,1
unless youre visually collect extant film austen work skip one,0
avoid cost,0
service also cute,1
much dialogue much music whole film shot elaborately aesthetically like sculpture,1
nice solid keyboard,1
place amazing,1
tom wilkinson broke heart end everyone el judging amount fumbling hanky hand going face among male female alike,1
terrible car accept cassette,0
dont bother coming,0
potato great biscuit,1
excellent phone,1
place lot promise fails deliver,0
also notable john bailey fine crisp beautifully colored cinematography great production design costume eiko ishioka went memorable costume coppola dracula received well deserved oscar,1
thank great service,1
hate thing much cheap quality black olive,0
took min get milkshake nothing chocolate milk,0
work week break,0
directing seems pretentious,0
think good investment,1
oh yeah storyline pathetic,0
great place eat,1
said mouth belly still quite pleased,1
right mind gon na buy battery,0
didnt work people hear talk,0
treo tmobile refused replace forced buy another phone without kind upgrade discount,0
poor remake best friend wedding,0
probably wont coming back,0
character fleshed surprisingly well particularly grime blake actor deliver sharply scripted line right amount deadpan tongue cheek make dialogue hilarious realistic,1
almost everyone involved must return school acting utterly predictable bad script pile garbage round,0
updatewent back second time still amazing,1
sound quality end excellent use headset call wife ask wife use headset call,1
food came good pace,1
got phone around end may im completely unhappy,0
piece junk broke phone day,0
paying hot dog fry look like came kid meal wienerschnitzel idea good meal,0
much le jawbone going replace,1
th century fox road house quite silly noir implausible unmitigated bore movie,0
nice docking station home work,1
slow seating even reservation,0
dont think back long time,0
wouldnt see movie free,0
dont buy,0
later found lost power film,1
left theater lilt step joy heart hope human race,1
unfortunately set u disapppointment entree,0
rare filmmaker take time tell worthy moral tale care love doesnt fall trap overly syrupy indulgent,1
bland flavorless good way describing barely tepid meat,0
boring,0
received quickly work great,1
lasted one day blew,0
guy said he better dialogue potted plant right,0
great ipod,1
result film dont look right,0
battery unreliable well service use antena,0
waaaaaayyyyyyyyyy rated saying,0
started tuna sashimi brownish color obviously wasnt fresh,0
cool case open allowing screen get scratched,1
server fantastic found wife love roasted garlic bone marrow added extra meal another marrow go,1
say food amazing,1
lighting dark enough set mood,1
bad choice,0
film look cheap bland,0
displeased,0
damian talented versatile many way writing portraying different character screen,1
nargile think great,1
still set got big oyvey scale,1
avoid avoid avoid,0
movie full wonderful dancing hence title,1
film give meaning phrase never history human conflict much owed many,1
wont going back,0
pancake also really good pretty large,1
bad actually worth seeing reason,0
directing cinematography arent quite good,0
definitly recommend,1
drink weak people,0
sushi strip place go,1
movie movie situation beginning game played acting coach fascinating,1
food came disappointment ensued,0
im pleased,1
poorly contstruct hinge,0
structure film easily tightly constructed history cinema think film something vitally important occurs every minute word content level film enough easily fill dozen film anyone right mind ask anything movie quite simply highest superlative form cinema imaginable yes film require rather significant amount puzzlesolving piece fit together create beautiful picture short film certainly pull punch graphic far best part game number one best th game series deserves strong love insane game massive level massive unlockable character massive game waste money game kind money wasted properly actually graphic good time today graphic crap say canada fun game aye game rock buy play enjoy love pure brilliance flick doomed conception idea lame take minor character mediocre pg film make complete nonsequel changing tone pgrated family movie wasnt least bit interested confirm film would unfunny generic also managed give away entire movie im exaggerating every moment every plot point every joke told trailer funny even talented carrell cant save costars dont fare much better people like morgan freeman jonah hill ed helm wasted story predictable lazy real effect work presence animal integration scene worst obvious bluegreenscreen work ive ever seen whatever cost much didnt translate quality thats sure film succeeds despite perhaps obviously meagre budget im glad film didnt go obvious choice lesser film certainly would addition one lovely song ever written french cancan also boast one cutest leading lady ever grace screen hard fall headoverheels love girl negative insipid enough cause regret another hour life wasted front screen long whiny pointless recommend waiting future effort let one go excellent cast story line performance totally believable anne heche utterly convincing sam shepard portrayal gung ho marine sobering sat riveted tv screen give one resounding think tom hank good actor enjoyed reading book child little disappointed movie one character totally annoying voice give feeling fingernail chalkboard totally unnecessary trainroller coaster scene absolutely warmth charm scene character movie totally grate nerve performance improved improvisation actor twice much worry whether theyre delivering line well whether line good quite honestly often good often dialogue doesnt really follow one line another fit surroundings crackle unpredictable youthful energy honestly found hard follow concentrate meander badly generally great thing wouldnt say theyre worth hour time though suspense builder good cross line g pg especially liked noncliche choice parent movie could predict dialog verbatim writing movie made better selection want movie thats gross give chill great choice alexander nevsky great film amazing film artist one important whoever lived im glad pretentious piece didnt planned dodge stratus big shot gon na help movie maker arent restrained movie business qubec,0
one place phoenix would definately go back,1
oh forgot also mention weird color effect phone,0
company shipped product promptly work well,1
movie excellentangel beautiful scamp adorablehis little yelp he scaredand funniest part whenscamp caught curtain angel scamp singing ive never feeling beforei totally recommend movieits coming special edition june cover scamp garbage angel underneath lid,1
far sushi connoisseur definitely tell difference good food bad food certainly bad food,0
button small,0
pretty awesome place,1
wow loved place,1
directing sloppy best,0
movie solid example bad plot bad idea way,0
love fact everything menu worth,1
took back money got outta,0
im really disappointed charger doesnt work,0
say film excellently produced top rating typical sci fi film,1
obviously problem adhesive,0
nothing authentic place,0
always evening wonderful food delicious,1
seriously flavorful delight folk,1
hear im driving car usually dont even put loudest setting,1
ordered appetizer took minute pizza another minute,0
greasy unhealthy meal,0
thing worse taylor acting stanwycks singing,0
want healthy authentic ethic food try place,1
got enjoy seafood salad fabulous vinegrette,1
probably wont back honest,0
interplay martin emilio contains wonderful chemistry saw wall street martin charlie,1
jimmy stewart ever great hero hitchcock story rip along cool climax embassy function lack brooding menace hitchcock black white lowbudget original,1
fantastic neighborhood gem,1
hole wall great mexican street taco friendly staff,1
worth,0
especially love long battery life,1
food wasnt good,0
place like chipotle better,1
also take picture case lense covered,0
would give television series plus could,1
also phone doesnt seem accept anything except cbr mp preferably ripped window medium player,0
masterful piece filmmaking many theme simmering occasionally boiling wart study poet bohemian selfindulgent wartime year span aerial bombardment london outward tranquillity welsh coastal retreat borderline friendship lust love dedication art experience versus practical concern jealousy rivalry cowardice egotism versus heroism selfsacrifice,1
service terrible food mediocre,0
car charger well ac charger included make sure never run juicehighy recommended,1
work great,1
p scene movie cool central character find room blown,1
even hello right,0
cashew cream sauce bland vegetable undercooked,0
bad fit way big,0
world better garbage theatre today,1
im super pissd,0
excellent performance m,1
colleague get great receptiona little expensive performance great,1
personally think show people learn find compromise self without involving people issue,1
kind embarrassing use look mostly embarrassing childlike company,0
work great,1
good audio quality,1
like armand assante cable company summary sounded interesting watched twice already probably,1
got home see driest damn wing ever,0
movie bad,0
even woman finally show sign improvement expected thing happen time film might far asleep,0
best place go tasty bowl pho,1
cashier friendly even brought food,1
carry movie well,1
went lunch service slow,0
dont buy product fails,0
dont go,0
ground right next table large smeared beensteppedinandtrackedeverywhere pile green bird poop,0
headset work peachykeen,1
drive get,0
place eat circumstance would ever return top list,0
weve gotten much better service pizza place next door service received restaurant,0
dont think would hold securly belt,0
frightening least barely comprehensible,0
best charger seen market yet,1
love bluetooth,1
excellent tool especially paired phone autoanswer,1
chipolte ranch dipping sause tasteless seemed thin watered heat,0
disappointed,0
make story different terrific production value faultless photography composition editing terrific casting underappreciated brian keith playing bully teddy vivid history,1
every time eat see caring teamwork professional degree,1
excellent film,1
phone year tell great,0
bought use kindle fire absolutely loved,1
great time family dinner sunday night,1
att clear sound distorted yell talk,0
itll regular stop trip phoenix,1
scene ohsomature neighbourgirl misplace,0
also taste mom multigrain pumpkin pancake pecan butter amazing fluffy delicious,1
allergy warning menu waitress absolutely clue meal contain peanut,0
jawbone era awesome,1
painful,0
happy complaint one regarding sound quality end,1
black eyed pea sweet potato unreal,1
nice leather,1
every thing phone work perfectly like,1
everything movie stupid,0
story line awful,0
service par either,0
bar cell phone home cant hear anything,0
dont waste money,0
due fact took minute acknowledged another minute get foodand kept forgetting thing,0
sashimi poor quality soggy tasteless,0
loved movie great portrayal family share ups end knew special love,1
like fact rest lightly ear rather inside,1
excellent product price,1
tmobile service year pretty happy,1
server nice even though looked little overwhelmed need stayed professional friendly end,1
waste money time,0
maybe vegetarian fare ive twice thought average best,0
add betty white jean smart great cast everyone played part really well,1
salad wing ice cream dessert left feeling quite satisfied,1
im disappointed decision,0
hate movie like,0
advise everyone fooled,0
joy use,1
although much liked look sound place actual experience bit disappointing,0
average phone bad battery life operates weak network,0
however ear pad come easily one week lost one,0
service prompt,1
great value,1
love authentic mexican food want whole bunch interesting yet delicious meat choose need try place,1
manager worst,0
would definitely recommend wing well pizza,1
know contract player little control script acting bad script,0
also came back check u regularly excellent service,1
holster arrived match photo ad,0
one didnt work either,0
rated,0
excellent,1
find wasting food despicable wasnt food,0
go see movie bring pillow girlfriendboyfriend keep occupied,0
stay away q,0
considering relation screen taylor stanwyck surprising little chemistry screen two,0
battery life real good,1
however paul schrader indeed made film mishima superb complex,1
immediately said wanted talk manager want talk guy shot fireball behind bar,0
bathroom next door nice,1
entire audience applauded conclusion film,1
bad performance play angela bennett computer expert home time,0
happy item,0
loved place,1
lassie movie put sleep forever,0
still bad actress repeating robotic face move picture,0
use slowmotion needlessly repeat throughout movie well backed bad acting bad kind word continuity scene thrown reason whatsoever vehicle looked like made corn flake box directorial style bordered stupidity,0
present idyllic yet serious portrayal ups down character life,1
dont like nokia either,0
possible give zero star theyd,0
service extremely slow,0
company charge restocking fee still given refund back,0
drain weak snap,0
stanwyck morgan perfectly cast many way modern equivalent dickens christmas carol sensibility,1
european movie nice throwback time student experience living abroad interacting nationality although circumstance slightly different,1
sort pap screened afternoon punish unemployed job,0
bela lugosi totally extraneous intoning odd line,0
bland liking place number reason dont want waste time bad reviewing ill leave,0
get job done,1
voice quality signal strength dropped call,0
husband ate lunch disappointed food service,0
additional ear gel provided instruction whatsoever,0
watching film wanted learn work artist,1
tapa dish delicious,1
selection probably worst ive seen vegasthere none,0
amazed quick arrival two original lg cell phone battery fraction price,1
two felt disgusting,0
dont think ive ever gone movie disliked much,0
wasnt really impressed strip steak,0
didnt charge,0
actually smart movie,1
weird vibe owner,0
well acted done tv movie,1
im quite satisfied purchase,1
def coming back bowl next time,1
recently witnessed poor quality management towards guest well,0
first charge kept going dead minute,0
never come,0
case seems well made,1
came back cold,0
product excellent work better verizon one boy cheaper,1
got ta love closeup slimy drooling teeth,1
work listening music cingular,0
great product fast shipping,1
id advise anyone go see,1
forgot casting superb trond fausa aurvg perfect role bothersome man doesnt understand,1
character interesting want find longer movie go think people surprised doesnt make,1
movie definitely average rent,0
cast always entertaining usual,1
slowmoving aimless movie distressed drifting young man,0
join club get awesome offer via email,1
stunning movie,1
perfect p,1
inexpensive piece would still expected better quality,0
swung give try deeply disappointed,0
big waste time,0
maybe werent cold would somewhat edible,0
clear crisp sound,1
great product price,1
menu much good stuff could decide,1
great product sure beat using finger,1
ambiance feel like buffet setting douchey indoor garden tea biscuit,0
never going back,0
like steiner dark feel like bar,1
really pleased product far,1
turkey roast beef bland,0
pair headphone worst ever soundwise,0
good side staff genuinely pleasant enthusiastic real treat,1
also real treat see anthony quinn playing crazy horse,1
obviously terrible customer service get pay,0
bought saved alot money,1
good transmit audio,1
drain player may also potentially fry,0
bad film bad writing good actorsan ugly cartoon crafted paul haggis people cant handle anything bold stroke storytellinga picture painted crayon,0
ive tried several different earpiece cell phone jabra one first one ive found fit ear comfortably,1
much interesting action suspense le unneeded controversy,1
sad little vegetable overcooked,0
least think refill water struggle wave minute,0
took one drop inch kitchen counter crackedi impressed laughing,0
one worst film ever seen,0
movie really got,1
ever movie needed wordofmouth promote,1
pretty cool would say,1
extensive menu provides lot option breakfast,1
chef friendly good job,1
cheap plastic creak like old wooden floor,0
product clearly ready prime time dont care cool look cant tell call coming worthless,0
easy watch,0
give wirefly stari contact cingularatt inform practice,0
practically perfect true masterpiece sea faux masterpiece,1
always great time do gringo,1
live music friday totally blow,0
host staff lack better word bitch,0
eargels channel sound directly ear seem increase sound volume clarity,1
course acting blah,0
really recommend place go wrong donut place,1
rip charge shipping,0
pretty good beer selection,1
baby owl adorable,1
friend like bloody mary,0
mic great,1
great choice,1
shot southern california desert using patent faux documentary style watkins creates film like,1
disappointed,0
case ive tried normally fall apart month one seems long haul,1
sucked stuff work phone,0
watch however small consolation actress playing anne sister wonderful job role,1
place deserves star,0
staff attentive,1
widmark character turn unintentionally comical,0
hour seriously,0
everything good tasty,1
dont like,0
sound quality good functionality awesome,1
worth drive,1
everything perfect night,1
plot pretty much every cheap horror,0
little device transformed organizational capability made life whole lot easier,1
love put food nice plastic container opposed cramming little paper takeout box,1
result phone either stuck max volume mute,0
basically threw money window nothing,0
dont think disappointed,1
best bluetooth market,1
could stand even watch long fear losing iq,0
convention never worked well past certainly doesnt work,0
horrible attitude towards customer talk one customer dont enjoy food,0
pro large seating area nice bar area great simple drink menu best brick oven pizza homemade dough,1
used several phone two year one best,1
also new problem,0
side delish mixed mushroom yukon gold puree white corn beateous,1
watch preparing delicious food,1
place clean food oh stale,0
phone thorn side really abhor,0
lange become great actress,1
best tater tot southwest,1
place receives star appetizer,1
ordered albondigas soup warm tasted like tomato soup frozen meatball,0
warn youdo rent movie dumbest thing never seen,0
plot nonsense doesnt interest slightest way uniqueness,0
loud enough doesnt turn like,0
mean really get famous fish chip terrible,0
character interesting really care,1
could eat bruschetta day devine,1
food delicious,1
best fish ive ever life,1
service leaf lot desired,0
fry hot neither burger,0
felt though going ireland absolutely nothing whatsoever,0
lately extremely nice helpful phone,1
film dropped ball,0
burger arent good pizza used amazing doughy flavorless,0
ive bought wired headphone sound better,0
piece trash ever released beyond acting story character supposedly special effect etcits wrong,0
plugged find darn thing worked,0
chip came dripping grease mostly edible,0
dessert panna cotta amazing,1
true shakespear must shakespear fan,1
however keypad tinny sometimes reach wrong button,0
awful dialogue hopeless overacting everyone get shot top real waste space time,0
first vega buffet disappoint,1
excellent product,1
really enjoyed eating,1
top line dont waste time money one bad come,0
writer smack think best actor actress bonus showthese character real,1
nutshell restaraunt smell like combination dirty fish market sewer,0
review long overdue since consider tale two sister single greatest film ever made,1
beware,0
ordered sony ericsson wi think worked thats first used,0
jerky camera movement also annoying,0
mark word one cult film like evil dead phantasm people still discovering falling love year line,1
politically correct,0
enjoyment get see run around play game dangerous,1
worst ever,0
camera although rated impressive megapixels render image fall well expectation relatively high resolution,0
order arrived one gyro missing,0
kept looking time soon become minute yet still food,0
however didnt make fact overall tremendously boring movie,0
received white colored battery go dead couple hoursthe original used last week still last longer thereplacement,0
defeat purpose bluetooth headset,0
bought mother problem battery,0
ordered duck rare pink tender inside nice char outside,1
awesome,1
great hand free device,1
contacted company told although unit still warranty couldnt produce receipt luck,0
plot keep going first place,0
want wait mediocre food downright terrible service place,0
disgrace,0
great phone,1
recommended,0
setup went smoothly,1
wind lion well written superbly acted,1
great food service huge portion give military discount,1
use product motor control center lot high voltage humming equipment work great,1
excellent starter wireless headset,0
really liked,1
god never get minute back,0
earlier review noted plug charger nothing happens,0
server suck wait correction server heimer sucked,0
someone involved knew string together narrative,0
worth every penny,1
cant tell disappointed,0
really easy,1
needle say never back,0
excited get headset thought really cute,1
plus seriously believe worth steep price point,0
director neil labute us brutal violence seperate dream reality along touching drama hilarious comedy never tell going happen next,1
much seafood like string pasta bottom,0
never ever go back told many people happened,0
there really nothing bad say headset,0
first visit hiro delight,1
first time ever came amazing experience still tell people awesome duck,1
bit sweet really spicy enough lacked flavor,0
dont know slow,0
great phone,1
walk theatre minute get relief,0
able voice dialing car problem,1
oh thing beauty restaurant,1
excellent hand free tool,1
work hospitality industry paradise valley refrained recommending cibo longer,0
place deserves one star food,0
central theme film handled ineptly stereotypically depth imagination,0
always cut make beep beep beep sound say signal failed,0
id love go back,1
best phone market,1
overall like place lot,1
camera phone may used dustpan indoors id rather using disposable,0
unfortunately virtue film production work lost regrettable script,0
great audio,1
one nice thing added gratuity bill since party larger didnt expect tip,1
lame would best way describe,0
burger good beef cooked right,1
seriously believe owner many unexperienced employee running around like chicken head cut,0
used two day wasnt always easy hear,0
headset easy use everyone love,1
film deserves strong kudos taking stand exceptional acting mostly lesserknown cast superintelligent script doesnt insult audience take easy way come white racism,1
earpiece large heavyit keep falling ear,0
phone sturdy waterproof,1
horrible,0
first phone ive cheaply made,0
fit comfortably either ear sound clear loud charge last couple day,1
lobster bisque bussell sprout risotto filet needed salt pepperand course none table,0
completely grossed,0
go place gyro,1
definitely cult classic well worth viewing sharing others,1
salad bland vinegrette baby green heart palm,0
bad day low tolerance rude customer service people job nice polite wash dish otherwise,0
final word show real torture,0
great brunch spot,1
raw sublimely moving,1
fantastic food,1
hell go back,0
nevertheless yet another wonderful film great master stable,1
im still trying get bad,0
much say place walked expected amazing quickly disappointed,0
order,1
insulted,0
football scene end perplexing,0
price good,1
great deal,1
particularly pleased acting ability dwight schultz,1
even worse ticker,0
dont waste time watching rubbish nonresearched film,0
recognizes phone storage device,0
im sure long stood long enough begin feel awkwardly place,0
weve tried like place time think done,0
truly truly bad film,0
however decent acting action location work balance thing,0
reading spec alone make say wow,1
work,0
everything need couldnt ask,1
started review two star im editing give one,0
comfortable nice range good battery life,1
sure order dessert even need pack togo tiramisu cannoli die,1
first doesnt wear well,0
scene debated whether sack trumpeter falsely accused murder pure horror really stupid,0
place lacked style,0
chicken dish ok beef like shoe leather,0
jalapeno bacon soooo good,1
managed bend leaf spring back place metal enough stress break next drop,0
guy steak steak loving son steak best worst place said best steak he ever eaten,1
movie mindbendingly awful couldnt even created,0
know sound funny seemed like sketchy technology wouldnt work wellwell one work great,1
staff spends time talking,0
empty hollow shell movie,0
clear skype call long battery life long range,1
great product,1
meredith better right,1
absolutely amazing,1
ordered old classic new dish going time sorely disappointed everything,0
feel dining room college cooking course high class dining service slow best,0
whine internet goesthe use thing le like,0
great place relax awesome burger beer,1
much id like go back cant get passed atrocious service never return,0
steak shrimp opinion best entree gc,1
particular model would work motorola q smartphone,0
food terrible,0
hardly meat,0
glad purchased,1
whatever avoid groove antithesis good human traffic,0
perhaps caught night judging review im inspired go back,0
memory murky say enjoyed every single episode product related show,1
he national treasure,1
omg food delicioso,1
fun experience,1
ill take business dinner dollar elsewhere,0
purchase phone,0
wish could return unit get back money,0
im probably one people ever go ians like,0
love phone,1
pizza tasted old super chewy good way,0
one thing hate mode set button side,0
good thing ticket cost five dollar would mad id paid see crap,0
big disappointment calendar sync,0
appears actually outperform original battery china came vi,1
real killer volume course breaking,0
hoping,0
good thing fit comfortably small ear,1
cable look thin flimsy scary,0
work described,1
unfortunately ability actually know receiving call rather important feature phone pitiful respect,0
im sorry really cant recommend anyone,0
choice headset yearsgreat sound good volume good noise cancellation,1
nothing privileged workingeating,0
wont back,0
film made,0
comfortable wear well probably important aspect using case,1
leave theater wanting go dance star,1
checked everywhere feature really disappointing,0
cant get software work computer,0
keyboard really worthwhile usefulness sturdy enough dont expect problem,1
maybe would reasonable explanation atrocity,0
used bitpim free program find internetto transfer data phonethe price cable excellent,1
glad found place,1
none work dont buy,0
trumbull love lucy,1
work great,1
aailiyah pretty good akasha place compelling first entrance mini dance scene,1
good lunch spot,1
cinematography film shot interesting way,1
fit palm tungsten e broke first time tried plug,0
went tigerlilly fantastic afternoon,1
also took forever bring u check asked,0
regardless film fails level,0
youll love movie bad bad film way long definitely one bad one movie received great quality film age john wayne incredible job young movie industry screen presence shined thought even though senior actor screen think must see older john wayne film really dont see anyone could enjoy movie dont think ive ever seen movie half boring selfindulgent piece junk probably would better director hadnt spent movie showcasing art work really isnt noteworthy another thing didnt really like character got punched face gallon blood would spew forth soon jamie foxx absolutely ray charles performance simply genius owns film spacek owned coal miner daughter quaid owned great ball fire,1
complaint standard sound volume little low even turned,0
phone get bought sa say wow,1
service give star,0
really want make experience good one,1
come strong light use light camera shot even flash so signal seriously,1
evening drastically sick,0
waste buck,0
extremely tasty,1
love place,1
scallop dish quite appalling value well,0
everything gross,0
cast veteran actor nostalgia trip,1
opened sandwich impressed good way,0
one big drawback mp player button phone front cover let pause skip song lock second,0
great food great service clean friendly setting,1
im terribly disappointed film would receive many award accolade especially far deserving work film,0
rocked world certainly must see anyone social physical outlet,1
almost song cover girl oldfashioned tuneful,0
unfortunately easy accidentally activate gentletouch button accidentally touch phone face listening,0
well never go,0
mic doesnt work,0
think film like dream,1
one disappointing aspect lack notable gore,0
crouton also taste homemade extra plus,1
would reccommend,0
really impressive place hasnt closed,0
yeah movie pretty much sucked,0
place jewel la vega exactly ive hoping find nearly ten year living,1
guess nobody network aired dribble watched putting,0
reaching bottom row uncomfortable send end key expect,0
item received counterfeit,0
far worked like charm,1
plan use car forget,0
actingeven professional drago debbie rochonwas terrible directing worse perhaps contributory former dialog chimplike camera work barely tolerable,0
cow tongue cheek taco amazing,1
riot see hugo weaving play sexobsessed gay real estate salesman us client house tryst flaming darren tom hollander,1
place good,1
plot derivative predictable ending like mercy killing,0
battery excellent bargain,1
rave review couldnt wait eat herewhat disappointment,0
self proclaimed coffee cafe wildly disappointed,0
brought fresh batch fry thinking yay something warm,0
love death decay shakespears lyric one,1
price think place would much rather gone,0
steak well trimmed also perfectly cooked,1
leopard print wonderfully wild,1
dissapointing performance,0
totally unfunny movie top pathetic unrealistic throughout whole minute utter torture probably looked watch time,0
got small adorable,1
anyone near hear part conversation,0
impressed going original battery extended battery,1
song best muppets hilarious,1
love color,1
know like restaurant something,0
film sole bright spot jonah hill look almost unrecognizable fan recent superbad due amount weight lost interim,1
server negligent need made u feel unwelcome would suggest place,0
pan cake everyone raving taste like sugary disaster tailored palate six year old,0
boring,0
chicken wing contained driest chicken meat ever eaten,0
take picture battery drop bar start beeping letting know dieing,0
dont much pasta love homemade hand made pasta thin pizza,1
actually turned pretty decent far blist horrorsuspense film go,1
go store bought new nokia phone working great,1
however finally watching film realized closed mind brilliance depicts also found watching,1
love thing,1
also served hot bread butter home made potato chip bacon bit topvery original good,1
real disappointment waiter,0
like building used couple location maybe poor hummh,0
brilliance indeed,1
highquality chicken chicken caesar salad,1
say,0
worst experience ever,0
basically service bad,0
overall impressed would go back,0
week later activated suddenly died,0
line cut audio everything wrong,0
shame see good actor like thomerson james make living mess like,0
mention combination pear almond bacon big winner,1
film highlight fundamental flaw legal process discovering guilt innocence rather present better court,1
much disappointed company,0
long lasting battery dont recharge frequentyly flip phone,0
thing went wrong burned saganaki,0
frog phone charm adorable eye catching,1
rude inconsiderate management,0
finally three four time spring latch broke could use longer visor,0
like loud buzzing override conversation phone,0
feel comfortable headset wear glass get way sometimes,1
uneasy bad movie scared,0
wasted little money earpiece,0
cg opening sequence space looked like could created microsoft slideshow god sake,0
hope place stick around,1
worst service boot least worry,0
majority logitech earbud headset failed,0
special thanks dylan recommendation order yummy tummy,1
service outshining definitely recommend halibut,1
love place,1
wasnt busy know,0
range decent ive able roam around house phone living room receptionsound quality issue,1
everything fresh delicious,1
timely shipment quality product,1
three different occasion asked well done medium well three time got bloodiest piece meat plate,0
redeeming quality restaurant inexpensive,1
sure beat nacho movie would expect little bit coming restaurant,0
comfortable hand,1
item worked great broke month use,0
unreliable im giving,0
victor mclaglen even bad brian donlevy almost unrecognizable,0
found place accident could happier,1
felt like gripping intelligent stage play without overly theatrical feeling one actually get watching people stage play everyones terror white lie escalating monstrous consequence,1
mean terrible way,0
impressed would recommend item anyone,0
bought two neither charge,0
im bit disappointed,0
lacked flavor seemed undercooked dry,0
give one look,1
several different minute call experienced drop area bar,0
horrendous,0
minute footage wasted show mediocre elderly actor awkwardly babbling overwrought pseudosatanic gibberish corny enough make teen goth blush almost always olde english sometimes latin may may made word,0
good food good service,1
case passed one year mark show sign wear functional,1
show made american stupid full hatred clichs admitted elsewhere,0
side greek salad greek dressing tasty pita hummus refreshing,1
overall like food service,1
buck head really expect better food,0
every time opened mouth expect hear see kid pulling plug mercy killing horrible show,0
dit work time nokia,0
heart attack grill downtown vega absolutely flatlined excuse restaurant,0
staff friendly wait time served horrible one even say hi first minute,0
get absolutely horrible reception apartment phone problem,0
worst one series,0
ended sliding edge pant back pocket instead,1
fella got huevos rancheros didnt look appealing,0
best buffet town price beat,1
saw mirrormask last night unsatisfactory experience,0
highly recommend encourage people give try,1
happy,0
first crawfish experience delicious,1
essentially forget microsofts tech support,0
four star food guy blue shirt great vibe still letting u eat,1
phone work great,1
thing happen character personality change plot twist occur real reason script call,0
time film ended disliked despised,0
anyways food definitely filling price pay expect,0
first movie ive given year,1
would recommend others,1
bought battery coupon amazon im happy purchase,1
bought hoping could make bluetooth headset fit better thing made impossible wear,0
lunch great experience,1
uncomfortable ear dont use lg vx env,0
aggravating,0
iam pleased purchase,1
horrible horrible protector,0
dont find bad unit come one earpad onlyi would recommend anyone,0
worst phone samsungcrap crappy samsung e worst ever seeen,0
service excellent price pretty reasonable considering vega located inside crystal shopping mall aria,1
place two thumb upway,1
kept well,1
gave trying eat crust teeth still sore,0
need two hand operate screenthis software interface decade old compete new software design,0
fly apple juice fly,0
building seems pretty neat bathroom pretty trippy wouldnt eat,0
well packaged arrived time work intended,1
ordered toasted english muffin came untoasted,0
thing think could improve sound leak headset,0
despite hard rate business actually rare give star,0
character film tremendously well played,1
would casted role ready script,1
believe screenwriter good job tying loose end,1
yet plantronincs continues use flawed charger design,0
achille philippa beautifully sing duet giovanni perfectly describes situation movie appreciate subtle layer excellent film,1
seller shipped quickly much cheaper competitor,1
bit predictable,0
emily watson character strong give quick glance understand everything,1
case le extra originally put later discarded scratched ear,0
chip sals amazing,1
would avoid place staying mirage,0
probably never coming back wouldnt recommend,0
keep watching,1
otherwise easy install use clear sound,1
good though,1
service beyond bad,0
hour half waste time following bunch pretty high schoolers whine cry life,0
almost unbearable watch screen little charisma terrible comedic timing,0
might gotten defect would risk buying built quality alone,0
dont,0
place pretty good nice little vibe restaurant,1
film redeeming feature,0
place good film garbage,0
service fine waitress friendly,1
love product,1
good case excellent value,1
house getting dropped coverage upstairs coverage basement,0
attempt humor pitiful story awful dosent bear thinking basically involves vulcan stealing enterprise find god seriously didnt care film oh mention uhura belly dance distract male guard,0
highly recommend case,1
work,1
allows possibility double booking date time first,0
happy product,1
time side restaurant almost empty excuse,0
experience terrible fourth bluetooth headset much comfortable last jabra hated,0
wonderful inspiring watch hope get released video dvd,1
purchased within day longer working,0
bose noise cancelling amazing important nyc commuter,1
waiting hour seated greatest mood,0
unfortunately work,0
disappointing thing speakerphone,0
restaurant always full never wait,1
posted detailed comment grey black phone fire red great color,1
volume switch rocketed unit destination unknown,0
said phone camera nice many cool effect play video decent well,1
punishment park brilliant piece cinema,1
seafood fresh generous portion,1
even fully charged went bed turned blue tooth wifi noticed left morning,0
gloriously fun fast paced fairly accurate portrayal night raver,1
total letdown would much rather go camelback flower shop cartel coffee,0
comfortable ear,1
good phone,1
cast good,1
monster chicken fried steak egg time favorite,1
acting help writing along well maybe idiotsavant sister could played better real joy watch,1
best scene movie gerardo trying find song keep running head,1
worse humiliated worker right front mebunch horrible name calling,0
one bite hooked,1
best electronics available fm transmitter,1
service little slow considering served people server food coming slow pace,0
inside really quite nice clean,1
thank wasting money,0
good money,0
fantastic service,1
verizons bill however difficult understand even though pricing plan simple,0
greek dressing creamy flavorful,1
server went back forth several time even much helped,0
pairing two device easy barely took couple minute started making call voice dialing feature,1
scream legit booksomethats also pretty rare vega,1
filmmaker director would hide head sand id spent whatever amount money time movie,0
exchanged sony ericson za im pretty happy decision,1
utterly without merit level akin torture,0
great subway fact good come every subway meet expectation,1
go watch,1
great price also,1
warm feeling service felt like guest special treat,1
drive thru mean want wait around half hour food somehow end going make u wait wait,0
great charger,1
think plan onethis sure last moto phone,0
bus boy hand rude,0
nearly good looking amazon picture make look,0
mega pixel camera part phone reasonably good,1
fabulous,1
go far many place ive never seen restaurant serf egg breakfast especially,0
nice quality build unlike cheap,1
unfortunately recharge iphone despite connecting multiple power source imac external battery wall outlet etc,0
acting involved includes like shatner nimoy bad washed making seem old look real life special effect tacky like spock rescue kirk jet pack fall mountain,0
also music mark snow possibly best score ive ever heard,1
disappointed wondered could oscar shortlist,0
fact im going round star awesome,1
incredible,1
doesnt work europe asia,0
good joint,1
yes shiny front side love,1
nice sound,1
fast service,1
cashier care ever say still ended wayyy overpriced,0
premise sound stupid thats,0
tasted like dirt,0
good commentary today love undoubtedly film worth seeing,1
really nothing postinos hope experience better,0
setup couldnt simpler,1
excellent short film,1
place fairly clean food simply wasnt worth,0
possible movie get worse,0
gyro basically lettuce,0
bother slow service,0
little music anything speak,0
great place highly recommend,1
extraordinary film,1
disappointed,0
like design look jabra behing ear headset pretty comfortible wear hour day without pain ear,1
ribeye steak cooked perfectly great mesquite flavor,1
deal good enough would drag establishment,0
phone try hard everything fails ability phone,0
overall film interesting thoughtprovoking,1
thought bad,0
worth driving tucson,1
fat computer geek unbelievable bible thumper badass girl actor,0
good ordered twice,1
continuously beautiful look bertolucci relationship convincing narrative engaging master work,1
would take long describe bad customer service experience amazon,0
great double cheeseburger,1
kind hard mess steak,0
received headset good time happy,1
feature want,1
initially local site film filmed buffalo intrigued,1
battery life also great,1
totally absolutely recommend movie anyone like good wholesome family movie exactly,1
around year carry highest quality antiglare screen protector found date,1
food gooodd,1
pretty gross,0
ive never insulted felt disrespected,0
movie suffered writing needed suspense,0
couldnt use unit sunglass good texas,0
dont know place managed served blandest food ever eaten preparing indian cuisine,0
always pleasure dealing,1
love device,1
zero star would give zero star,0
thing,0
place horrible way overpriced,0
conclusion bother movie volcano los angeles nothing nonsense,0
excellent new restaurant experienced frenchman,1
pleased know modern day genius letting passion art drive taking u audience,1
cool phone,1
boy sucker dry,0
real improvement,0
clever real crowdpleaserthis film still rank among mickey best film even wonderful year,1
mine year christmas bought rest family,1
find better movie youtube,0
tired clichs lazy writing come thick fast,0
got bored watching jessice lange take clothes,0
would go back,0
heard good thing place exceeding every hope could dreamed,1
mac salad pretty bland getting,0
easy love even easy identify,1
ate twice last visit especially enjoyed salmon salad,1
coming like experiencing underwhelming relationship party cant wait person ask break,0
give thumb,0
poor talk time performance,0
mistake,0
used talk hour battery would literally drained dying,0
lot hole plot there nothing became emperor nothing spend year childhood mature age,0
miss wish one philadelphia,1
single employee came see ok even needed water refill finally served u food,0
great atmosphere friendly fast service,1
performed awful muffled tinny incoming sound severe echo end call,0
dont miss,1
fantastic buy get whatever next phone,1
finally get ending wouldve great handled competent people jerry falwell,0
believe every one see movie think people outside south africa understand past attempted truth reconciliation process,1
back,1
sorry getting food anytime soon,0
boyfriend came first time recent trip vega could pleased quality food service,1
really really good rice time,1
wife hated meal coconut shrimp friend really enjoy meal either,0
cant beat,1
last le minute actually try use phonemy wife phone problem,0
im returning,0
overall dont think would take parent place made similar complaint silently felt,0
probably would go,0
phone pretty sturdy ive never large problem,1
problem item would order needed,1
nice headset priced right,1
plus movie rather modest budget fast running time amazing job,1
please dont waste money,0
service fantastic,1
film dialogue natural real life,1
never heard except cole totally unbelievable part,0
outstanding little restaurant best food ever tasted,1
huge awkward lb piece cow th gristle fat,0
even love bad movie watch movie,0
buyer remorse one,0
loved,1
always order vegetarian menu dinner wide array option choose,1
weekly haunt definitely place come back every,1
comfortable,1
definitely back,1
understated film leaf lasting impression,1
steer clear product go genuine palm replacementr pen come threepack,0
someone shouldve invented sooner,1
film use word loosely insult moviegoing public,0
love fry bean,1
movie completely perfect titta di girolamo stay long time vision movie,1
absolutely problem headset linking blackberry curve,1
make strange ticking noise end call,0
jabra eargels fit ear well,1
also right balance war love,1
highlight great quality nigiri,1
ill even say torture,0
horrible switch time,0
acting terrible writing worse,0
place handsdown one best place eat phoenix metro area,1
casting also horrible cause see really really bad actor period,0
deal included tasting drink jeff went beyond expected,1
definitely worth seeing sort thought provoking film force question threshold loneliness,1
tom wilkinson character man prepared ordeal begin take matter hand story progress great actor give performance make feel character anguish suffering,1
waitress manager friendly,1
never anything complain,1
service friendly inviting,1
went bachi burger friend recommendation disappointed,1
really wanted plantronics right one many issue methe good,0
ryans bar definitely one edinburgh establishment wont revisiting,0
waitress little slow service,0
friend pasta also bad barely touched,0
awkward use unreliable,0
provides good protection look classy,1
service fair best,0
total package,1
bar vega ever recall charged tap water,0
spend money time place else,0
looking headset long time ive got couldnt happier,1
screen get smudged easily touch ear face,0
good price,1
slow,0
stay away store careful,0
jamaican mojitos delicious,1
im happy purchase good quality low price,1
would recommend,1
assure ill back,1
plus wellpaced suited relatively short run time,1
goat taco didnt skimp meat wow flavor,1
good thing waiter helpful kept bloddy mary coming,1
blueant supertooth handsfree phone speaker awesome,1
ordered burger rare came well done,0
struggle find anything bad say,1
great pocket pc phone combination,1
character funny peculiarity true lead character,1
paid much,0
many close ups,0
howeverthe riingtones best neither game,0
cant upload ringtones third party,0
hand favorite italian restaurant,1
recommended friend,1
even take self portrait outside exterior display cool,1
wouldnt return,0
one movie need see whenever come tvnever mind fact already memorized,1
pda rock,1
despite pan reviewer liked movie,1
take battery phone put back together restart,0
ill drivng along headset start ringing reason,0
original body soul masterpiece,1
fun funny movie,1
dont waste time,0
sooooo good,1
main player mesmerising,1
ive better bagel grocery store,0
jabra earset happy sound quality especially outgoing better,1
recently tried caballeros back every week since,1
want real scare rent one,1
helen baxendale credible lady macbeth cheerfull time sometimes look like naughty girl deadly taste blood evil,1
live neighborhood disappointed wont back convenient location,0
whatever prompted documentary beyond,0
camera really like movie,1
keep getting better better third one ive numerous palm,1
work great car charger especially plug two adapter time,1
point finger item menu order wont disappointed,1
toro tartare cavier extraordinary liked thinly sliced wagyu white truffle,1
dessert bit strange,0
youre familiar check,1
ive nearly year worked great,1
buffet bellagio far anticipated,0
yes bad,0
came back today since relocated still impressed,0
movie creates universe fascinating every way,1
pizza good peanut sauce tasty,1
wi superb,1
pretty easy,1
disappointed ordered big bay plater,0
ripped banana ripped petrified tasteless,0
nice ambiance,1
third cheese friend burger cold,0
staff great food delish incredible beer selection,1
applause given prelude however,1
unbelievable bargain,1
loved bacon wrapped date,1
didnt want clip going top ear causing discomfort,0
sitting vehicle cradle belt headset lost signal,0
term writing fresh bold,1
simple use like,1
placed treo case snug lot extra room side,0
ive bluetoooth headset time still comfortable way fit ear,0
food way overpriced portion fucking small,0
extremely slow take forever anything,0
vomited bathroom mid lunch,0
highly recommend one blue tooth phone,1
problem thought actor playing villain low rent michael ironside,0
set bad wouldnt look place thunderbird episode,0
bought phone replacement startac regretted since,0
pretty picture world make piece work flawed core,0
may bad film ever made,0
presentation food awful,0
disgusted pretty sure human hair,0
work cell phone plug set charger,0
super charged use small hybrid palmtopcameracellphone excels role,1
essentially communication tool communicate,0
plot,0
avoid one,0
whole experience underwhelming think well go ninja sushi next time,0
piece junk,0
magical help,1
girlfriend veal bad,0
chosen tortured disgusting piece blatant american propaganda,0
table service pretty fast,1
sound quality device unacceptableunless really quiet area almost hear nothing,0
character onedimensional even good guy especially bad guy,0
similarly delivery man say word apology food minute late,0
think,0
spend money elsewhere,0
great disappointment,0
mic joke volume quite low,0
sending back,0
main thing didnt enjoy crowd older crowd around mid,0
item arrived quickly work great metro pc samsung schr slider phone sony premium sound ear plug,1
server pleasant deal dont always honor pizza hut coupon,0
high adventure best,1
garbo showed right bat talent could carry silent era wanted see silent work netflix doesnt seem stocking,1
liked way dustin hoffman character ready everything stay son,1
problem charge sandwich bigger subway sub offer better amount vegetable,0
good work fine,1
gosh best phone ever,1
watched waiter pay lot attention table ignore u,0
phone got year old slowly breaking despite much care part,0
place great,1
first thought grtting good deal plugged phone vc razr,0
overall wasnt impressed noca,0
wont work right atleast,0
standout scene,1
thing four kid get absolutely hilarious watch,1
year battery went completely dead headset,0
walked away stuffed happy first vega buffet experience,1
tough short flavor,0
early film future goremeister lucio fulci good addition giallo subgenre,1
five star plus plus,1
plethora salad sandwich everything ive tried get seal approval,1
two bite refused eat anymore,0
fresh subtle rather sublime effect,1
would given star able,0
even dropped phone stream submerged second still work great,1
bad lost heart finish,0
movie awesome,1
ordered product first unhappy immediately,0
camera color balance awful,0
mom got home immediately got sick bite salad,0
nice blanket moz top feel like done cover subpar food,1
unfortunately must hit bakery leftover day everything ordered stale,0
going first negatively review product,0
good time,1
reception poor,0
best rotating feature helpful,1
hate earbugs avoid phone mean,0
wouldnt recommend buying product,0
battery chargelife quite long,1
answer call unit never worked,0
secondary plot line incomprehensible relation primary plot line mystifying,0
place nice surprise,1
say bye bye tip lady,0
staff always super friendly helpful especially cool bring two small boy baby,1
moviemaking,0
incredible soundtrack truly capture essence film,1
entertaining nonetheless,1
ambiance incredible,1
software great job could also make ringtones form existing cd without internet connection,1
interesting premise billy drago always good dangerous nutbag side note id love see drago stephen mchattie lance hendrikson flick together talk raging cheekbone,1
fact stinker smell like directtovideo release,0
poor reliability,0
lewis black considerable talent wasted incendiary unrestrained pg rating certainly wont allow,0
bluetooth range good day ago left phone trunk got call carried conversation without hitch,1
work comfortable,1
there barely boring moment film plenty humorous part,1
movie make lot serious mistake,0
look authentic thai food go else,0
disappointed,0
disappointing experience,0
go gave star rating please know third time eating bachi burger writing review,0
delicious nyc bagel good selection cream cheese real lox caper even,1
see probably leave shelf,0
elia koteasjack palance play good role angelina hot get nakedbilly drago appears cool usual cameo sven ole thorsen help make enjoyable movie good acting decent budget,1
beware trashy cult movie trash period,0
sum film breeder terrible cheaply made horror movie avoided like ebola virus,0
movie wellbalanced comedy drama thoroughly enjoyed,1
buyerbe careful,0
would recommend purchasing jabra jx series work flawlessly moto q go figure,1
several moment movie didnt need excruciatingly slow moving,0
great phone,1
nice case feel good hand,1
nacho must,1
good,0
im az time new spot,1
anyway plot flowed smoothly malebonding scene hoot,1
saw film recommend,1
good plot hold complete attention acting superb tom wilkinson fantastic emily watson also good,1
great place fo take eat,1
pretty surprising wonderful film made hollywood generally collective head sand concerning black white issue time,1
eew location need complete overhaul,0
highly recommended,1
owner really great people,1
coming back,0
far worst purchase ive made amazon,0
easy turn car volume control quite accessable,1
food arrived quickly,1
nine ten truly lovely film,1
continue come lady night andddd date night highly recommend place anyone area,1
good job quite amusing,1
ordered motorola data cable got well finished working product,1
good selection food including massive meatloaf sandwich crispy chicken wrap delish tuna melt tasty burger,1
great pork sandwich,1
really good product,1
least min passed u ordering food arriving wasnt busy,0
arrived quickly much le expensive others sold,1
easy use,1
wed definitely go back,1
tmobile best customer service anywhere,1
story line totally predictable,0
place worth time let alone vega,0
strawberry tea good,1
work like charm work one got phone,1
dont waste money,0
cant go wrong food,1
staff also friendly efficient,1
loved biscuit,1
great pizza salad,1
back good bbq lighter fare reasonable pricing tell public back old way,1
great steak great side great wine amazing dessert,1
google mediocre imagine smashburger pop,0
phone sturdy nokia bar phone,1
accompanied software almost brilliant,1
always used corded headset freedom wireless helpful,1
humour get get day apt,1
wanted leave,0
linked phone without effort,1
saw film christmas great film,1
love camera really pretty good quality,1
plug wrong size,0
waited waited waited,0
del taco pretty nasty avoided possible,0
particularly remember sens assaulted strident cord music would blare little warning even le meaning,0
love able use one headset landline cell,1
basic premise wasted since sidelined inexplicable focus documentary crew,0
great place eat reminds little mom pop shop san francisco bay area,1
rolled eye may stayed sure go back try,0
waste money,0
tasty texture nasty,0
love ownerchef one authentic japanese cool dude,1
defective crap,0
case flimsy piece plastic front side protection whatsoever,0
product strong rubberpetroleum smell unbearable caused return,0
point proceeding look remotely like america,0
disapointing result,0
love great armband,1
see,1
absolutley fantastic,1
get pay guess,0
connected wife bluetoothmotorola h phone worked like charm whether phone pocket case,1
understand supposed cheap popcorn comedy doesnt mean completely insult intelligence writing incredibly hackneyed border offensive,0
one note ventilation could use upgrading,0
definitely worth checking,1
still good actor around,1
word embarrassing,0
food really good got full petty fast,1
motorola finally got voice quality bluetooth headset right,1
would recommend place,0
rating,0
downside service,0
never brought salad asked,0
duet astronaut doctor beginning movie perfect exchange one considers movie made well cold war astronaut biggest fear crashed ussr,1
dont think redeeming quality remake,0
movie greatespecially enjoy visual art,1
even bmw series fairly quiet trouble hearing person saying,0
tracfonewebsite user friendly make easy toactivate etc,1
anyway think go back,0
burger got gold standard burger kind disappointed,0
krussel always good,1
chicken got definitely reheated ok wedge cold soggy,0
phone fall easily,0
place honestly blown,0
phone take forever charge like hour literally,0
work fine,1
track command sentiment actually contributing scene character,1
summarize food incredible nay transcendant nothing brings joy quite like memory pneumatic condiment dispenser,1
think restaurant suffers trying hard enough,0
ive also problem phone reading memory card always turn,0
portable work,1
acting like watching wooden puppet moving around reading book thats bad,0
cutout button placed perfectly,1
service thought good,1
definitely must state allow cell phone usage driving,1
loved itfriendly server great food wonderful imaginative menu,1
delivery time,1
plot whatsoever,0
ive missed numerous call reason,0
portion huge,1
ambience wonderful music playing,1
text messaging feature really tricky use,0
purchase different case,0
many people complained found headset microphone weak,0
good item worked started problem auto reverse tape player,0
headset work great packaged nicely avoid damage,1
close house lowkey nonfancy affordable price good food,1
saw child tv back stranger loved,1
beautiful styling though,1
crust good,0
cant say enough good thing place,1
service perfect family atmosphere nice see,1
feel poorly constructed menu difficult navigate button recessed difficult push,0
convenient simple use get job done make car ride much smoother,1
bad reception,0
phenomenal food service ambiance,1
bethe audio quality poor,0
comfort whole family,1
two main character may two believable child ever saw put screen,1
performed,1
must say taped episode find watching,1
delicious,1
generally line plot weaker average episode,0
even squib look awful,0
nokia ca usb cable work phone,0
time seems film animation dominated disneypixars cgi masterpiece refreshing comforting know miyazaki still relying traditional handdrawn animation tell charming enchanting story,1
movie pure disaster story stupid editing worst seen confuses incredibly,0
disappointing,0
one fails create real suspense,0
scenery two daughter paint photograph beautiful,1
make call certain place,0
food good,1
nicest chinese restaurant ive,1
could believe dirty oyster,0
delicious absolutely back,1
earbud piece break easily,0
